Model,Accuracy,Precision,Recall,F1-Score,ROC-AUC,CV Mean F1,CV Std F1
Random Forest,0.6,0.7777777777777778,0.6,0.5238095238095238,0.46,0.4379370629370629,0.012612387612387616
Logistic Regression,0.5,0.5,0.5,0.494949494949495,0.56,0.3280469530469531,0.09727772227772227
XGBoost,0.5,0.5,0.5,0.494949494949495,0.5,0.31212121212121213,0.021212121212121182
Gradient Boosting,0.4,0.22222222222222224,0.4,0.2857142857142857,0.43999999999999995,0.2849025974025974,0.0008116883116882911
